{
  "blocks_total": 67,
  "pass_count": 67,
  "reject_count": 0,
  "pass_rate": 1.0,
  "reject_rate": 0.0,
  "mean_delta_projection": 0.0006697866750593803,
  "mean_delta_cap": 0.0,
  "mean_delta_calibration": 0.007247016759919407,
  "mean_total_adjustment_abs": 0.007916803434978787,
  "mean_constraint_pressure": 0.007916803434978787,
  "p95_constraint_pressure": 0.009641426280701462,
  "mean_projection_active_rate": 0.13532338308457714,
  "mean_cap_active_rate": 0.0,
  "mean_calibration_active_rate": 0.9532338308457711
}