,real_count,real_mean,real_std,real_min,real_25%,real_50%,real_75%,real_max,synthetic_count,synthetic_mean,synthetic_std,synthetic_min,synthetic_25%,synthetic_50%,synthetic_75%,synthetic_max
Радиация,15.0,4.0,2.9277002188455996,0.0,2.0,4.0,6.0,8.0,1000.0,4.006,2.8291284820537874,0.0,2.0,4.0,6.0,8.0
Температура,15.0,43.0,0.8451542547285166,42.0,42.0,43.0,44.0,44.0,1000.0,42.998,0.81649412898236,42.0,42.0,43.0,44.0,44.0
Время,15.0,40.0,7.319250547113999,30.0,30.0,45.0,45.0,45.0,1000.0,40.02,7.067499525967409,30.0,30.0,45.0,45.0,45.0
Выживаемость,15.0,0.09360266666666667,0.15200509706992757,0.0,0.00435,0.021,0.11549999999999999,0.53,1000.0,0.09454973455789456,0.14887453425253483,0.0,0.0007390002812723674,0.01998975192535633,0.1642065711641244,0.53
