feature,real_mean,synthetic_mean,real_std,synthetic_std,wasserstein,wasserstein_normalized,ks_statistic,ks_pvalue
Радиация,4.0,4.006,2.8284271247461903,2.827713563994769,0.006000000000000005,0.0007500000000000007,0.002,1.0
Температура,43.0,42.998,0.816496580927726,0.8160857798050399,0.002000000000000113,0.0010000000000000564,0.0013333333333333333,1.0
Время,40.0,40.02,7.0710678118654755,7.063964892324989,0.019999999999999463,0.0013333333333332975,0.0013333333333333333,1.0
Выживаемость,0.09360266666666667,0.09454973455789456,0.14685087526542778,0.1488000783667813,0.0060838493849905,0.01147896110375566,0.07633333333333334,0.9999352124096339
