{
  "n_real": 15,
  "n_synthetic": 1000,
  "mean_wasserstein_normalized": 0.0036405736092722536,
  "mean_ks_statistic": 0.02025,
  "pearson_correlation_frobenius": 0.0060954787934081765,
  "pearson_correlation_mean_abs_diff": 0.0009307475933809764,
  "spearman_correlation_frobenius": 0.03933926963224081,
  "spearman_correlation_mean_abs_diff": 0.00600466282481206,
  "separability_auc_mean": 0.446,
  "separability_auc_std": 0.08230656334928807,
  "separability_auc_distance_from_0_5": 0.05399999999999999,
  "separability_gini_mean": -0.10800000000000005,
  "separability_gini_abs_mean": 0.1568888888888889,
  "tstr_mae": 0.0008629371448730539,
  "tstr_rmse": 0.0018283626052701164,
  "tstr_r2": 0.999844985764849,
  "trtr_mae_leave_one_out": 0.09565038621957676,
  "trtr_rmse_leave_one_out": 0.13181522245698715,
  "trtr_r2_leave_one_out": 0.1942912963915192,
  "tstr_to_trtr_mae_ratio": 0.009021784218331119,
  "real_to_synth_mean_nn_distance": 0.0019923566720901342,
  "synth_to_real_mean_nn_distance": 0.047198174844151904,
  "duplicate_rate_vs_real": 0.125,
  "support_violation_rate_mean": 0.0,
  "support_violation_rate_max": 0.0
}