{
  "blocks_total": 67,
  "pass_count": 67,
  "reject_count": 0,
  "pass_rate": 1.0,
  "reject_rate": 0.0,
  "mean_delta_projection": 0.002187410931089031,
  "mean_delta_cap": 0.0,
  "mean_delta_calibration": 0.00610203154111079,
  "mean_total_adjustment_abs": 0.00828944247219982,
  "mean_constraint_pressure": 0.00828944247219982,
  "p95_constraint_pressure": 0.012108977756242846,
  "mean_projection_active_rate": 0.1970149253731343,
  "mean_cap_active_rate": 0.0,
  "mean_calibration_active_rate": 0.9512437810945275
}