{
  "n_real": 15,
  "n_synthetic": 1000,
  "mean_wasserstein_normalized": 0.0039019524709787063,
  "mean_ks_statistic": 0.017916666666666668,
  "pearson_correlation_frobenius": 0.010314802077873556,
  "pearson_correlation_mean_abs_diff": 0.0015823355658786203,
  "spearman_correlation_frobenius": 0.042007475351285774,
  "spearman_correlation_mean_abs_diff": 0.006449926298148459,
  "separability_auc_mean": 0.35444444444444445,
  "separability_auc_std": 0.10913464330986,
  "separability_auc_distance_from_0_5": 0.14555555555555555,
  "separability_gini_mean": -0.29111111111111115,
  "separability_gini_abs_mean": 0.29733333333333334,
  "tstr_mae": 0.0011195641103554045,
  "tstr_rmse": 0.002382670680167552,
  "tstr_r2": 0.9997367460098027,
  "trtr_mae_leave_one_out": 0.09672327131481488,
  "trtr_rmse_leave_one_out": 0.13259450082960308,
  "trtr_r2_leave_one_out": 0.1847365983546274,
  "tstr_to_trtr_mae_ratio": 0.011574919821636796,
  "real_to_synth_mean_nn_distance": 0.00029274108634530873,
  "synth_to_real_mean_nn_distance": 0.05571531193278162,
  "duplicate_rate_vs_real": 0.13,
  "support_violation_rate_mean": 0.0,
  "support_violation_rate_max": 0.0
}