,real_count,real_mean,real_std,real_min,real_25%,real_50%,real_75%,real_max,synthetic_count,synthetic_mean,synthetic_std,synthetic_min,synthetic_25%,synthetic_50%,synthetic_75%,synthetic_max
Радиация,15.0,4.0,2.9277002188455996,0.0,2.0,4.0,6.0,8.0,1000.0,3.992,2.8326595206554495,0.0,2.0,4.0,6.0,8.0
Температура,15.0,43.0,0.8451542547285166,42.0,42.0,43.0,44.0,44.0,1000.0,42.998,0.81649412898236,42.0,42.0,43.0,44.0,44.0
Время,15.0,40.0,7.319250547113999,30.0,30.0,45.0,45.0,45.0,1000.0,40.02,7.067499525967409,30.0,30.0,45.0,45.0,45.0
Выживаемость,15.0,0.09360266666666667,0.15200509706992757,0.0,0.00435,0.021,0.11549999999999999,0.53,1000.0,0.0948305657586119,0.14922032922882453,0.0,0.0007545320495091396,0.019529883451653164,0.15989727666889791,0.53
