feature,real_mean,synthetic_mean,real_std,synthetic_std,wasserstein,wasserstein_normalized,ks_statistic,ks_pvalue
Радиация,4.0,4.004,2.8284271247461903,2.8255944507306774,0.0040000000000000036,0.0005000000000000004,0.001,1.0
Температура,43.0,43.0,0.816496580927726,0.8160882305241266,0.0006666666666667043,0.00033333333333335213,0.0003333333333333333,1.0
Время,40.0,40.005,7.0710678118654755,7.069298055677098,0.004999999999999449,0.0003333333333332966,0.0003333333333333333,1.0
Выживаемость,0.09360266666666667,0.09413145951950574,0.14685087526542778,0.14803875495908714,0.007038317048173171,0.01327984348711919,0.06833333333333333,0.9999950613618048
