{
  "n_real": 15,
  "n_synthetic": 1000,
  "mean_wasserstein_normalized": 0.00361162753844646,
  "mean_ks_statistic": 0.017499999999999998,
  "pearson_correlation_frobenius": 0.006762836839289918,
  "pearson_correlation_mean_abs_diff": 0.0011007106618190238,
  "spearman_correlation_frobenius": 0.036759876713531495,
  "spearman_correlation_mean_abs_diff": 0.005692761331894231,
  "separability_auc_mean": 0.4073333333333333,
  "separability_auc_std": 0.09163561763721072,
  "separability_auc_distance_from_0_5": 0.09266666666666667,
  "separability_gini_mean": -0.18533333333333332,
  "separability_gini_abs_mean": 0.22266666666666665,
  "tstr_mae": 0.0008965475052134344,
  "tstr_rmse": 0.0017064221795159058,
  "tstr_r2": 0.9998649732247393,
  "trtr_mae_leave_one_out": 0.09813122039754692,
  "trtr_rmse_leave_one_out": 0.13376831013162405,
  "trtr_r2_leave_one_out": 0.1702382657876006,
  "tstr_to_trtr_mae_ratio": 0.009136210694021351,
  "real_to_synth_mean_nn_distance": 0.0011752826598535751,
  "synth_to_real_mean_nn_distance": 0.053052213891743645,
  "duplicate_rate_vs_real": 0.13,
  "support_violation_rate_mean": 0.0,
  "support_violation_rate_max": 0.0
}