{
  "n_real": 15,
  "n_synthetic": 1000,
  "mean_wasserstein_normalized": 0.004592579590990966,
  "mean_ks_statistic": 0.01875,
  "pearson_correlation_frobenius": 0.01033326306271484,
  "pearson_correlation_mean_abs_diff": 0.0018945284616667802,
  "spearman_correlation_frobenius": 0.04417025694438611,
  "spearman_correlation_mean_abs_diff": 0.007181561769763154,
  "separability_auc_mean": 0.3944444444444445,
  "separability_auc_std": 0.10814370868615086,
  "separability_auc_distance_from_0_5": 0.10555555555555551,
  "separability_gini_mean": -0.21111111111111117,
  "separability_gini_abs_mean": 0.24666666666666667,
  "tstr_mae": 0.0010601335173609481,
  "tstr_rmse": 0.0020810152046179414,
  "tstr_r2": 0.9997991844088961,
  "trtr_mae_leave_one_out": 0.0968912888452381,
  "trtr_rmse_leave_one_out": 0.13185250667657772,
  "trtr_r2_leave_one_out": 0.1938354390460344,
  "tstr_to_trtr_mae_ratio": 0.010941473996225517,
  "real_to_synth_mean_nn_distance": 0.0008569460884764772,
  "synth_to_real_mean_nn_distance": 0.06053962033777883,
  "duplicate_rate_vs_real": 0.125,
  "support_violation_rate_mean": 0.0,
  "support_violation_rate_max": 0.0
}