ablation,local_mean_abs_error,radiation_monotonicity,thermal_monotonicity,high_dose_plausibility,mean_pressure,mean_delta_proj,mean_delta_calib
full_pipeline,0.0015975267632836188,1.0,1.0,1.0,0.03478773551423575,0.0033261215887608136,0.03146161392547493
no_projection,0.001608332443177913,1.0,1.0,1.0,0.03258817423784137,0.0,0.03258817423784137
no_cap,0.0015975267632836188,1.0,1.0,1.0,0.03478773551423575,0.0033261215887608136,0.03146161392547493
no_calibration,0.005979460028584602,1.0,1.0,1.0,0.0,0.0033261215887608136,0.0
no_local_sigma,0.0015975267632836188,1.0,1.0,1.0,0.03478773551423575,0.0033261215887608136,0.03146161392547493
