ablation,local_mean_abs_error,radiation_monotonicity,thermal_monotonicity,high_dose_plausibility,mean_pressure,mean_delta_proj,mean_delta_calib
full_pipeline,0.002275386615962583,1.0,1.0,1.0,0.03381643217191362,0.013396482789021108,0.020419949382892513
no_projection,0.0024116898050291174,1.0,1.0,1.0,0.03145869309467048,0.0,0.03145869309467048
no_cap,0.002275386615962583,1.0,1.0,1.0,0.03381643217191362,0.013396482789021108,0.020419949382892513
no_calibration,0.00724980034269495,1.0,1.0,1.0,0.0,0.013396482789021108,0.0
no_local_sigma,0.002480507543903032,1.0,1.0,1.0,0.03498551674280974,0.013844880286395418,0.021136629778279164
