{
  "n_real": 15,
  "n_synthetic": 1000,
  "mean_wasserstein_normalized": 0.004454610743082896,
  "mean_ks_statistic": 0.02025,
  "pearson_correlation_frobenius": 0.01120697251544068,
  "pearson_correlation_mean_abs_diff": 0.0020481371022200013,
  "spearman_correlation_frobenius": 0.04298679091163635,
  "spearman_correlation_mean_abs_diff": 0.006999714572626848,
  "separability_auc_mean": 0.3953333333333333,
  "separability_auc_std": 0.12228463053138579,
  "separability_auc_distance_from_0_5": 0.10466666666666669,
  "separability_gini_mean": -0.20933333333333332,
  "separability_gini_abs_mean": 0.2591111111111112,
  "tstr_mae": 0.0010201811259726546,
  "tstr_rmse": 0.0021368609896162756,
  "tstr_r2": 0.9997882616801348,
  "trtr_mae_leave_one_out": 0.09689128884523811,
  "trtr_rmse_leave_one_out": 0.13185250667657772,
  "trtr_r2_leave_one_out": 0.1938354390460344,
  "tstr_to_trtr_mae_ratio": 0.010529131546615743,
  "real_to_synth_mean_nn_distance": 0.0013824231118959882,
  "synth_to_real_mean_nn_distance": 0.05973578550101142,
  "duplicate_rate_vs_real": 0.126,
  "support_violation_rate_mean": 0.0,
  "support_violation_rate_max": 0.0
}