{
  "n_real": 15,
  "n_synthetic": 1000,
  "mean_wasserstein_normalized": 0.004271975882867322,
  "mean_ks_statistic": 0.01975,
  "pearson_correlation_frobenius": 0.008326644184944337,
  "pearson_correlation_mean_abs_diff": 0.0015551518692313647,
  "spearman_correlation_frobenius": 0.0410476963189267,
  "spearman_correlation_mean_abs_diff": 0.006689816581924449,
  "separability_auc_mean": 0.39711111111111114,
  "separability_auc_std": 0.1133466223145774,
  "separability_auc_distance_from_0_5": 0.10288888888888886,
  "separability_gini_mean": -0.20577777777777775,
  "separability_gini_abs_mean": 0.24933333333333332,
  "tstr_mae": 0.0008010283207663849,
  "tstr_rmse": 0.0015422382425610316,
  "tstr_r2": 0.9998897065155653,
  "trtr_mae_leave_one_out": 0.0968912888452381,
  "trtr_rmse_leave_one_out": 0.13185250667657772,
  "trtr_r2_leave_one_out": 0.19383543904603462,
  "tstr_to_trtr_mae_ratio": 0.00826728935400835,
  "real_to_synth_mean_nn_distance": 0.0005200542775783561,
  "synth_to_real_mean_nn_distance": 0.053228197904605194,
  "duplicate_rate_vs_real": 0.125,
  "support_violation_rate_mean": 0.0,
  "support_violation_rate_max": 0.0
}