{
  "blocks_total": 67,
  "pass_count": 67,
  "reject_count": 0,
  "pass_rate": 1.0,
  "reject_rate": 0.0,
  "mean_delta_projection": 0.0033261215887608136,
  "mean_delta_cap": 0.0,
  "mean_delta_calibration": 0.03146161392547493,
  "mean_total_adjustment_abs": 0.03478773551423575,
  "mean_constraint_pressure": 0.03478773551423575,
  "p95_constraint_pressure": 0.04334181990685889,
  "mean_projection_active_rate": 0.12537313432835823,
  "mean_cap_active_rate": 0.0,
  "mean_calibration_active_rate": 0.9711442786069653,
  "top_reject_reasons": {}
}