{
  "n_real": 15,
  "n_synthetic": 1000,
  "mean_wasserstein_normalized": 0.004493241352941584,
  "mean_ks_statistic": 0.019,
  "pearson_correlation_frobenius": 0.009734756189806933,
  "pearson_correlation_mean_abs_diff": 0.0017978912527747827,
  "spearman_correlation_frobenius": 0.04717130330738091,
  "spearman_correlation_mean_abs_diff": 0.007687414772616677,
  "separability_auc_mean": 0.3971111111111111,
  "separability_auc_std": 0.11447378264729548,
  "separability_auc_distance_from_0_5": 0.10288888888888892,
  "separability_gini_mean": -0.20577777777777778,
  "separability_gini_abs_mean": 0.24844444444444447,
  "tstr_mae": 0.0016654219017346323,
  "tstr_rmse": 0.0032929467998973833,
  "tstr_r2": 0.999497175593013,
  "trtr_mae_leave_one_out": 0.0968912888452381,
  "trtr_rmse_leave_one_out": 0.13185250667657772,
  "trtr_r2_leave_one_out": 0.1938354390460344,
  "tstr_to_trtr_mae_ratio": 0.017188561753934007,
  "real_to_synth_mean_nn_distance": 0.0009517763649402377,
  "synth_to_real_mean_nn_distance": 0.06196525279988733,
  "duplicate_rate_vs_real": 0.128,
  "support_violation_rate_mean": 0.0,
  "support_violation_rate_max": 0.0
}