feature,real_mean,synthetic_mean,real_std,synthetic_std,wasserstein,wasserstein_normalized,ks_statistic,ks_pvalue
Радиация,4.0,3.99,2.8284271247461903,2.8291164698541484,0.010000000000000009,0.0012500000000000011,0.002,1.0
Температура,43.0,43.0,0.816496580927726,0.8160882305241266,0.0006666666666667043,0.00033333333333335213,0.0003333333333333333,1.0
Время,40.0,40.005,7.0710678118654755,7.069298055677098,0.004999999999999449,0.0003333333333332966,0.0003333333333333333,1.0
Выживаемость,0.09360266666666667,0.09438438195747952,0.14685087526542778,0.14845409603234125,0.006849878878499851,0.012924299770754436,0.071,0.9999871256445713
