{
  "n_real": 15,
  "n_synthetic": 1000,
  "mean_wasserstein_normalized": 0.0037102416093552715,
  "mean_ks_statistic": 0.018416666666666665,
  "pearson_correlation_frobenius": 0.006828434415167795,
  "pearson_correlation_mean_abs_diff": 0.0011202141501985784,
  "spearman_correlation_frobenius": 0.03872946283373395,
  "spearman_correlation_mean_abs_diff": 0.0059401944443890214,
  "separability_auc_mean": 0.3462222222222222,
  "separability_auc_std": 0.10856550619696144,
  "separability_auc_distance_from_0_5": 0.1537777777777778,
  "separability_gini_mean": -0.3075555555555555,
  "separability_gini_abs_mean": 0.3075555555555555,
  "tstr_mae": 0.0008772440856401089,
  "tstr_rmse": 0.001696320861306284,
  "tstr_r2": 0.9998665670992599,
  "trtr_mae_leave_one_out": 0.09672327131481487,
  "trtr_rmse_leave_one_out": 0.13259450082960308,
  "trtr_r2_leave_one_out": 0.1847365983546274,
  "tstr_to_trtr_mae_ratio": 0.009069627957318102,
  "real_to_synth_mean_nn_distance": 0.00038507838446201205,
  "synth_to_real_mean_nn_distance": 0.05076740118597724,
  "duplicate_rate_vs_real": 0.129,
  "support_violation_rate_mean": 0.0,
  "support_violation_rate_max": 0.0
}