{
  "n_real": 15,
  "n_synthetic": 1000,
  "mean_wasserstein_normalized": 0.00448908887810067,
  "mean_ks_statistic": 0.01775,
  "pearson_correlation_frobenius": 0.009101670235668545,
  "pearson_correlation_mean_abs_diff": 0.0014547437879223774,
  "spearman_correlation_frobenius": 0.042193395371188006,
  "spearman_correlation_mean_abs_diff": 0.006547710091094733,
  "separability_auc_mean": 0.3997777777777778,
  "separability_auc_std": 0.09130845835902189,
  "separability_auc_distance_from_0_5": 0.10022222222222221,
  "separability_gini_mean": -0.20044444444444443,
  "separability_gini_abs_mean": 0.23244444444444445,
  "tstr_mae": 0.00166911077411903,
  "tstr_rmse": 0.0034315540870308316,
  "tstr_r2": 0.9994539547692586,
  "trtr_mae_leave_one_out": 0.0981312203975469,
  "trtr_rmse_leave_one_out": 0.13376831013162407,
  "trtr_r2_leave_one_out": 0.17023826578760037,
  "tstr_to_trtr_mae_ratio": 0.01700896786320569,
  "real_to_synth_mean_nn_distance": 0.0011131201097806594,
  "synth_to_real_mean_nn_distance": 0.07033362287190335,
  "duplicate_rate_vs_real": 0.127,
  "support_violation_rate_mean": 0.0,
  "support_violation_rate_max": 0.0
}