,real_count,real_mean,real_std,real_min,real_25%,real_50%,real_75%,real_max,synthetic_count,synthetic_mean,synthetic_std,synthetic_min,synthetic_25%,synthetic_50%,synthetic_75%,synthetic_max
Радиация,15.0,4.0,2.9277002188455996,0.0,2.0,4.0,6.0,8.0,1000.0,4.004,2.8270083084377338,0.0,2.0,4.0,6.0,8.0
Температура,15.0,43.0,0.8451542547285166,42.0,42.0,43.0,44.0,44.0,1000.0,43.0,0.816496580927726,42.0,42.0,43.0,44.0,44.0
Время,15.0,40.0,7.319250547113999,30.0,30.0,45.0,45.0,45.0,1000.0,40.005,7.0728353579027985,30.0,30.0,45.0,45.0,45.0
Выживаемость,15.0,0.09360266666666667,0.15200509706992757,0.0,0.00435,0.021,0.11549999999999999,0.53,1000.0,0.09428976737011491,0.1485005582626456,0.0,0.0007552465365876184,0.019399457775337477,0.1583497615778564,0.53
