{
  "n_real": 15,
  "n_synthetic": 1000,
  "mean_wasserstein_normalized": 0.004621378297052108,
  "mean_ks_statistic": 0.019,
  "pearson_correlation_frobenius": 0.011682409758072028,
  "pearson_correlation_mean_abs_diff": 0.0018239406828077138,
  "spearman_correlation_frobenius": 0.04344794094180659,
  "spearman_correlation_mean_abs_diff": 0.0066220743872107,
  "separability_auc_mean": 0.44666666666666666,
  "separability_auc_std": 0.08353900545313404,
  "separability_auc_distance_from_0_5": 0.053333333333333344,
  "separability_gini_mean": -0.10666666666666669,
  "separability_gini_abs_mean": 0.1742222222222222,
  "tstr_mae": 0.0011314292044485566,
  "tstr_rmse": 0.002302733237632984,
  "tstr_r2": 0.999754113785725,
  "trtr_mae_leave_one_out": 0.09565038621957676,
  "trtr_rmse_leave_one_out": 0.13181522245698715,
  "trtr_r2_leave_one_out": 0.1942912963915191,
  "tstr_to_trtr_mae_ratio": 0.01182879912111622,
  "real_to_synth_mean_nn_distance": 0.0034026137142038173,
  "synth_to_real_mean_nn_distance": 0.062692960629172,
  "duplicate_rate_vs_real": 0.136,
  "support_violation_rate_mean": 0.0,
  "support_violation_rate_max": 0.0
}