{
  "n_real": 15,
  "n_synthetic": 1000,
  "mean_wasserstein_normalized": 0.004290567426435529,
  "mean_ks_statistic": 0.019166666666666665,
  "pearson_correlation_frobenius": 0.010924453838625284,
  "pearson_correlation_mean_abs_diff": 0.001722993841675266,
  "spearman_correlation_frobenius": 0.03852604082273824,
  "spearman_correlation_mean_abs_diff": 0.005970614450975526,
  "separability_auc_mean": 0.3833333333333333,
  "separability_auc_std": 0.09223828508037157,
  "separability_auc_distance_from_0_5": 0.1166666666666667,
  "separability_gini_mean": -0.23333333333333334,
  "separability_gini_abs_mean": 0.27066666666666667,
  "tstr_mae": 0.0013773291776595599,
  "tstr_rmse": 0.0027565486453917805,
  "tstr_r2": 0.9996476467811882,
  "trtr_mae_leave_one_out": 0.09813122039754689,
  "trtr_rmse_leave_one_out": 0.13376831013162407,
  "trtr_r2_leave_one_out": 0.17023826578760037,
  "tstr_to_trtr_mae_ratio": 0.014035585943798072,
  "real_to_synth_mean_nn_distance": 0.0015579297273884036,
  "synth_to_real_mean_nn_distance": 0.06576884436225991,
  "duplicate_rate_vs_real": 0.133,
  "support_violation_rate_mean": 0.0,
  "support_violation_rate_max": 0.0
}