{
  "n_real": 15,
  "n_synthetic": 1000,
  "mean_wasserstein_normalized": 0.003219392612420068,
  "mean_ks_statistic": 0.02025,
  "pearson_correlation_frobenius": 0.004497240418593302,
  "pearson_correlation_mean_abs_diff": 0.0007498873381646333,
  "spearman_correlation_frobenius": 0.04120708824868688,
  "spearman_correlation_mean_abs_diff": 0.006264929782713051,
  "separability_auc_mean": 0.3288888888888889,
  "separability_auc_std": 0.05962019709154414,
  "separability_auc_distance_from_0_5": 0.1711111111111111,
  "separability_gini_mean": -0.3422222222222222,
  "separability_gini_abs_mean": 0.3422222222222222,
  "tstr_mae": 0.0007612806330915069,
  "tstr_rmse": 0.0014278402641382853,
  "tstr_r2": 0.9999054620522109,
  "trtr_mae_leave_one_out": 0.0955467686153199,
  "trtr_rmse_leave_one_out": 0.13088741247218466,
  "trtr_r2_leave_one_out": 0.20559368907379383,
  "tstr_to_trtr_mae_ratio": 0.007967623019847934,
  "real_to_synth_mean_nn_distance": 0.0009841284815511274,
  "synth_to_real_mean_nn_distance": 0.047630732783372355,
  "duplicate_rate_vs_real": 0.132,
  "support_violation_rate_mean": 0.0,
  "support_violation_rate_max": 0.0
}