{
  "n_real": 15,
  "n_synthetic": 1000,
  "mean_wasserstein_normalized": 0.003962865503192374,
  "mean_ks_statistic": 0.01875,
  "pearson_correlation_frobenius": 0.007041523613546365,
  "pearson_correlation_mean_abs_diff": 0.0013708489088979157,
  "spearman_correlation_frobenius": 0.041305086769577525,
  "spearman_correlation_mean_abs_diff": 0.006742827718249642,
  "separability_auc_mean": 0.388,
  "separability_auc_std": 0.12134310094994337,
  "separability_auc_distance_from_0_5": 0.11199999999999999,
  "separability_gini_mean": -0.22400000000000003,
  "separability_gini_abs_mean": 0.2657777777777778,
  "tstr_mae": 0.0008016205225577598,
  "tstr_rmse": 0.0015077461180188325,
  "tstr_r2": 0.9998945847703508,
  "trtr_mae_leave_one_out": 0.0968912888452381,
  "trtr_rmse_leave_one_out": 0.13185250667657775,
  "trtr_r2_leave_one_out": 0.19383543904603417,
  "tstr_to_trtr_mae_ratio": 0.008273401377064631,
  "real_to_synth_mean_nn_distance": 0.0005403511860227362,
  "synth_to_real_mean_nn_distance": 0.0494830778755518,
  "duplicate_rate_vs_real": 0.136,
  "support_violation_rate_mean": 0.0,
  "support_violation_rate_max": 0.0
}