{
  "blocks_total": 67,
  "pass_count": 67,
  "reject_count": 0,
  "pass_rate": 1.0,
  "reject_rate": 0.0,
  "mean_delta_projection": 0.00038304818210317134,
  "mean_delta_cap": 0.0,
  "mean_delta_calibration": 0.005742493643679135,
  "mean_total_adjustment_abs": 0.006125541825782307,
  "mean_constraint_pressure": 0.006125541825782307,
  "p95_constraint_pressure": 0.008832922925679679,
  "mean_projection_active_rate": 0.1174129353233831,
  "mean_cap_active_rate": 0.0,
  "mean_calibration_active_rate": 0.9532338308457712
}