{
  "n_real": 15,
  "n_synthetic": 1000,
  "mean_wasserstein_normalized": 0.0036234953617540508,
  "mean_ks_statistic": 0.017916666666666668,
  "pearson_correlation_frobenius": 0.0062777910980710006,
  "pearson_correlation_mean_abs_diff": 0.0010605954574211707,
  "spearman_correlation_frobenius": 0.037171555726952285,
  "spearman_correlation_mean_abs_diff": 0.005780946244262833,
  "separability_auc_mean": 0.4031111111111111,
  "separability_auc_std": 0.08673615447912804,
  "separability_auc_distance_from_0_5": 0.09688888888888891,
  "separability_gini_mean": -0.1937777777777778,
  "separability_gini_abs_mean": 0.2373333333333334,
  "tstr_mae": 0.0009911613722017958,
  "tstr_rmse": 0.0018882805938876465,
  "tstr_r2": 0.9998346592204205,
  "trtr_mae_leave_one_out": 0.09813122039754692,
  "trtr_rmse_leave_one_out": 0.13376831013162407,
  "trtr_r2_leave_one_out": 0.17023826578760026,
  "tstr_to_trtr_mae_ratio": 0.0101003673263863,
  "real_to_synth_mean_nn_distance": 0.0010053981606320465,
  "synth_to_real_mean_nn_distance": 0.05311202156953531,
  "duplicate_rate_vs_real": 0.129,
  "support_violation_rate_mean": 0.0,
  "support_violation_rate_max": 0.0
}