{
  "n_real": 15,
  "n_synthetic": 1000,
  "mean_wasserstein_normalized": 0.003698202832378595,
  "mean_ks_statistic": 0.0185,
  "pearson_correlation_frobenius": 0.00751986570077384,
  "pearson_correlation_mean_abs_diff": 0.0012307790572258532,
  "spearman_correlation_frobenius": 0.03604986665831775,
  "spearman_correlation_mean_abs_diff": 0.005587591869716987,
  "separability_auc_mean": 0.41688888888888886,
  "separability_auc_std": 0.09908320484058579,
  "separability_auc_distance_from_0_5": 0.08311111111111114,
  "separability_gini_mean": -0.16622222222222222,
  "separability_gini_abs_mean": 0.21511111111111111,
  "tstr_mae": 0.0010087500870945233,
  "tstr_rmse": 0.001889620514299631,
  "tstr_r2": 0.9998344244861446,
  "trtr_mae_leave_one_out": 0.0981312203975469,
  "trtr_rmse_leave_one_out": 0.13376831013162407,
  "trtr_r2_leave_one_out": 0.17023826578760037,
  "tstr_to_trtr_mae_ratio": 0.010279604013971278,
  "real_to_synth_mean_nn_distance": 0.0022235340738638236,
  "synth_to_real_mean_nn_distance": 0.05558222538334232,
  "duplicate_rate_vs_real": 0.134,
  "support_violation_rate_mean": 0.0,
  "support_violation_rate_max": 0.0
}