{
  "n_real": 15,
  "n_synthetic": 1000,
  "mean_wasserstein_normalized": 0.004550396896734226,
  "mean_ks_statistic": 0.019166666666666665,
  "pearson_correlation_frobenius": 0.01021400016356305,
  "pearson_correlation_mean_abs_diff": 0.0015726561508204178,
  "spearman_correlation_frobenius": 0.04574727707210978,
  "spearman_correlation_mean_abs_diff": 0.0069842983483025,
  "separability_auc_mean": 0.32622222222222214,
  "separability_auc_std": 0.06728454411336388,
  "separability_auc_distance_from_0_5": 0.17377777777777786,
  "separability_gini_mean": -0.34755555555555556,
  "separability_gini_abs_mean": 0.34755555555555556,
  "tstr_mae": 0.0016318964672099054,
  "tstr_rmse": 0.003452514652871823,
  "tstr_r2": 0.9994472637062125,
  "trtr_mae_leave_one_out": 0.0955467686153199,
  "trtr_rmse_leave_one_out": 0.1308874124721847,
  "trtr_r2_leave_one_out": 0.20559368907379372,
  "tstr_to_trtr_mae_ratio": 0.01707955685848541,
  "real_to_synth_mean_nn_distance": 0.004919914644545702,
  "synth_to_real_mean_nn_distance": 0.06817376461626323,
  "duplicate_rate_vs_real": 0.126,
  "support_violation_rate_mean": 0.0,
  "support_violation_rate_max": 0.0
}