feature,real_mean,synthetic_mean,real_std,synthetic_std,wasserstein,wasserstein_normalized,ks_statistic,ks_pvalue
Радиация,4.0,3.9774227072056383,2.8284271247461903,2.3315188732723926,0.5920819743927568,0.0740102467990946,0.2,0.531046447418378
Температура,43.0,42.54247802352905,0.816496580927726,1.4459897288913561,0.7049417762756347,0.14114320444335138,0.387,0.016797801010883927
Время,40.0,39.714937784194944,7.0710678118654755,11.57706493946776,5.971810195287069,0.14947832226255695,0.355,0.03594781670828698
Выживаемость,0.09360266666666667,0.2865066817559378,0.14685087526542778,0.42599141265062745,0.2038802093753394,0.20388035520193318,0.38333333333333336,0.01839452914164946
