,real_count,real_mean,real_std,real_min,real_25%,real_50%,real_75%,real_max,synthetic_count,synthetic_mean,synthetic_std,synthetic_min,synthetic_25%,synthetic_50%,synthetic_75%,synthetic_max
Радиация,15.0,4.0,2.9277002188455996,0.0,2.0,4.0,6.0,8.0,1000.0,3.9774227072056383,2.3326855077578443,0.009864499792456627,1.9220739603042603,3.9585927724838257,6.071147084236145,7.992837905883789
Температура,15.0,43.0,0.8451542547285166,42.0,42.0,43.0,44.0,44.0,1000.0,42.54247802352905,1.4467132664542177,40.002593994140625,41.247530937194824,42.48251914978027,43.81526756286621,44.997108459472656
Время,15.0,40.0,7.319250547113999,30.0,30.0,45.0,45.0,45.0,1000.0,39.714937784194944,11.582857816957848,20.039600372314453,29.789222717285156,39.817779541015625,49.83675765991211,59.9906120300293
Выживаемость,15.0,0.09360266666666667,0.15200509706992757,0.0,0.00435,0.021,0.11549999999999999,0.53,1000.0,0.2865066817559378,0.42620456823697145,1.0972676760256928e-11,2.838957069428716e-08,0.00032481820380780846,0.8542169630527496,0.9999992847442627
