{
  "n_real": 15,
  "n_synthetic": 1000,
  "mean_wasserstein_normalized": 0.14212803217673403,
  "mean_ks_statistic": 0.3313333333333333,
  "pearson_correlation_frobenius": 1.5856737811800925,
  "pearson_correlation_mean_abs_diff": 0.2662667958389413,
  "spearman_correlation_frobenius": 1.6975165292364962,
  "spearman_correlation_mean_abs_diff": 0.28863503996232504,
  "separability_auc_mean": 0.6364444444444444,
  "separability_auc_std": 0.08778874755645434,
  "tstr_mae": 0.05730802991235108,
  "tstr_rmse": 0.07693226286731288,
  "tstr_r2": 0.7255495577159186,
  "trtr_mae_leave_one_out": 0.09689128884523811,
  "trtr_rmse_leave_one_out": 0.13185250667657775,
  "trtr_r2_leave_one_out": 0.19383543904603417,
  "tstr_to_trtr_mae_ratio": 0.5914673093459174,
  "real_to_synth_mean_nn_distance": 0.2511779334176002,
  "synth_to_real_mean_nn_distance": 1.300868831803396,
  "duplicate_rate_vs_real": 0.0,
  "support_violation_rate_mean": 0.37424999999999997,
  "support_violation_rate_max": 0.615
}