{
  "blocks_total": 67,
  "pass_count": 67,
  "reject_count": 0,
  "pass_rate": 1.0,
  "reject_rate": 0.0,
  "mean_delta_projection": 3.9641571280173676e-07,
  "mean_delta_cap": 0.0,
  "mean_delta_calibration": 0.0027766713527025075,
  "mean_total_adjustment_abs": 0.0027770677684153086,
  "mean_constraint_pressure": 0.0027770677684153086,
  "p95_constraint_pressure": 0.003381647935966224,
  "mean_projection_active_rate": 0.003980099502487562,
  "mean_cap_active_rate": 0.0,
  "mean_calibration_active_rate": 0.8805970149253732,
  "mean_raw_radiation_violation": 4.955196410021709e-07,
  "mean_raw_thermal_violation": 0.0,
  "mean_raw_highdose_violation": 0.0,
  "mean_residual_budget_utilization": 0.31003384211321605
}