{
  "n_real": 15,
  "n_synthetic": 1000,
  "mean_wasserstein_normalized": 0.004129398587755098,
  "mean_ks_statistic": 0.01775,
  "pearson_correlation_frobenius": 0.009121606802148479,
  "pearson_correlation_mean_abs_diff": 0.0013920795167865004,
  "spearman_correlation_frobenius": 0.044247847694262335,
  "spearman_correlation_mean_abs_diff": 0.006726147265930587,
  "separability_auc_mean": 0.31733333333333336,
  "separability_auc_std": 0.06729922128216036,
  "separability_auc_distance_from_0_5": 0.18266666666666664,
  "separability_gini_mean": -0.3653333333333334,
  "separability_gini_abs_mean": 0.3653333333333334,
  "tstr_mae": 0.0010877197550424732,
  "tstr_rmse": 0.002075087235188434,
  "tstr_r2": 0.9998003268639419,
  "trtr_mae_leave_one_out": 0.09554676861531991,
  "trtr_rmse_leave_one_out": 0.1308874124721847,
  "trtr_r2_leave_one_out": 0.2055936890737935,
  "tstr_to_trtr_mae_ratio": 0.011384160561428646,
  "real_to_synth_mean_nn_distance": 0.0007272341283998008,
  "synth_to_real_mean_nn_distance": 0.06087791782859968,
  "duplicate_rate_vs_real": 0.13,
  "support_violation_rate_mean": 0.0,
  "support_violation_rate_max": 0.0
}