feature,real_mean,synthetic_mean,real_std,synthetic_std,wasserstein,wasserstein_normalized,ks_statistic,ks_pvalue
Радиация,4.0,4.002,2.8284271247461903,2.83195974547662,0.006000000000000005,0.0007500000000000007,0.001,1.0
Температура,43.0,43.0,0.816496580927726,0.8160882305241266,0.0006666666666667043,0.00033333333333335213,0.0003333333333333333,1.0
Время,40.0,40.005,7.0710678118654755,7.069298055677098,0.004999999999999449,0.0003333333333332966,0.0003333333333333333,1.0
Выживаемость,0.09360266666666667,0.09458593458855481,0.14685087526542778,0.14911714949450766,0.008003491672707485,0.015100927684353744,0.06933333333333333,0.9999927910701103
