{
  "n_real": 15,
  "n_synthetic": 1000,
  "mean_wasserstein_normalized": 0.0035388564201243237,
  "mean_ks_statistic": 0.019416666666666665,
  "pearson_correlation_frobenius": 0.004851352154645026,
  "pearson_correlation_mean_abs_diff": 0.0008640098376738474,
  "spearman_correlation_frobenius": 0.03971203730829633,
  "spearman_correlation_mean_abs_diff": 0.006120054940133943,
  "separability_auc_mean": 0.3515555555555555,
  "separability_auc_std": 0.10992163313969987,
  "separability_auc_distance_from_0_5": 0.1484444444444445,
  "separability_gini_mean": -0.2968888888888889,
  "separability_gini_abs_mean": 0.30311111111111116,
  "tstr_mae": 0.0007438286828388127,
  "tstr_rmse": 0.0014594974592644688,
  "tstr_r2": 0.9999012235058345,
  "trtr_mae_leave_one_out": 0.09672327131481487,
  "trtr_rmse_leave_one_out": 0.13259450082960308,
  "trtr_r2_leave_one_out": 0.1847365983546274,
  "tstr_to_trtr_mae_ratio": 0.007690276318485956,
  "real_to_synth_mean_nn_distance": 0.0015675121424271225,
  "synth_to_real_mean_nn_distance": 0.047582075855898597,
  "duplicate_rate_vs_real": 0.135,
  "support_violation_rate_mean": 0.0,
  "support_violation_rate_max": 0.0
}