{
  "blocks_total": 67,
  "pass_count": 67,
  "reject_count": 0,
  "pass_rate": 1.0,
  "reject_rate": 0.0,
  "mean_delta_projection": 0.0005634011913887897,
  "mean_delta_cap": 0.0,
  "mean_delta_calibration": 0.0058989355065470345,
  "mean_total_adjustment_abs": 0.006462336697935824,
  "mean_constraint_pressure": 0.006462336697935824,
  "p95_constraint_pressure": 0.008648922909200699,
  "mean_projection_active_rate": 0.1373134328358209,
  "mean_cap_active_rate": 0.0,
  "mean_calibration_active_rate": 0.9323383084577114
}