{
  "n_real": 15,
  "n_synthetic": 1000,
  "mean_wasserstein_normalized": 0.0037780638224494782,
  "mean_ks_statistic": 0.02075,
  "pearson_correlation_frobenius": 0.005463524748079637,
  "pearson_correlation_mean_abs_diff": 0.0008193358083763053,
  "spearman_correlation_frobenius": 0.0407730510863399,
  "spearman_correlation_mean_abs_diff": 0.006234761011149198,
  "separability_auc_mean": 0.43999999999999995,
  "separability_auc_std": 0.07951706082950352,
  "separability_auc_distance_from_0_5": 0.06000000000000005,
  "separability_gini_mean": -0.12000000000000002,
  "separability_gini_abs_mean": 0.16,
  "tstr_mae": 0.0007072585125193601,
  "tstr_rmse": 0.001472762690156563,
  "tstr_r2": 0.9998994198061344,
  "trtr_mae_leave_one_out": 0.09565038621957676,
  "trtr_rmse_leave_one_out": 0.13181522245698715,
  "trtr_r2_leave_one_out": 0.1942912963915192,
  "tstr_to_trtr_mae_ratio": 0.007394204461399294,
  "real_to_synth_mean_nn_distance": 0.000979146318904008,
  "synth_to_real_mean_nn_distance": 0.04649577860425963,
  "duplicate_rate_vs_real": 0.141,
  "support_violation_rate_mean": 0.0,
  "support_violation_rate_max": 0.0
}