{
  "n_real": 15,
  "n_synthetic": 1000,
  "mean_wasserstein_normalized": 0.004588212652321873,
  "mean_ks_statistic": 0.018416666666666668,
  "pearson_correlation_frobenius": 0.007796402199439863,
  "pearson_correlation_mean_abs_diff": 0.001223495968849607,
  "spearman_correlation_frobenius": 0.04454112172269567,
  "spearman_correlation_mean_abs_diff": 0.006820040083457851,
  "separability_auc_mean": 0.4337777777777778,
  "separability_auc_std": 0.08146073810033796,
  "separability_auc_distance_from_0_5": 0.06622222222222218,
  "separability_gini_mean": -0.13244444444444448,
  "separability_gini_abs_mean": 0.17244444444444446,
  "tstr_mae": 0.00150970520329387,
  "tstr_rmse": 0.0031837822213908354,
  "tstr_r2": 0.999529961287727,
  "trtr_mae_leave_one_out": 0.09565038621957676,
  "trtr_rmse_leave_one_out": 0.13181522245698715,
  "trtr_r2_leave_one_out": 0.1942912963915191,
  "tstr_to_trtr_mae_ratio": 0.01578357665831232,
  "real_to_synth_mean_nn_distance": 0.0005122473620797281,
  "synth_to_real_mean_nn_distance": 0.06390980760603993,
  "duplicate_rate_vs_real": 0.128,
  "support_violation_rate_mean": 0.0,
  "support_violation_rate_max": 0.0
}