{
  "n_real": 15,
  "n_synthetic": 1000,
  "mean_wasserstein_normalized": 0.004251812961465894,
  "mean_ks_statistic": 0.01825,
  "pearson_correlation_frobenius": 0.007786225025272214,
  "pearson_correlation_mean_abs_diff": 0.0012468616902548912,
  "spearman_correlation_frobenius": 0.04345570081822945,
  "spearman_correlation_mean_abs_diff": 0.006706104584290343,
  "separability_auc_mean": 0.35022222222222227,
  "separability_auc_std": 0.11135617419283135,
  "separability_auc_distance_from_0_5": 0.14977777777777773,
  "separability_gini_mean": -0.2995555555555556,
  "separability_gini_abs_mean": 0.2995555555555556,
  "tstr_mae": 0.0015302214547136092,
  "tstr_rmse": 0.00314158389638372,
  "tstr_r2": 0.999542338641433,
  "trtr_mae_leave_one_out": 0.09672327131481487,
  "trtr_rmse_leave_one_out": 0.13259450082960306,
  "trtr_r2_leave_one_out": 0.18473659835462775,
  "tstr_to_trtr_mae_ratio": 0.01582061311525584,
  "real_to_synth_mean_nn_distance": 0.0009498367325007417,
  "synth_to_real_mean_nn_distance": 0.06263121952328607,
  "duplicate_rate_vs_real": 0.125,
  "support_violation_rate_mean": 0.0,
  "support_violation_rate_max": 0.0
}