seed,local_mean_abs_error,local_max_abs_error,mean_wasserstein_normalized,tstr_r2,mean_constraint_pressure,raw_local_mean_abs_error,raw_article_compliance_mean,raw_radiation_monotonicity_mean_rate,raw_thermal_monotonicity_mean_rate,mean_raw_radiation_violation,mean_raw_thermal_violation,parameter_count
7,0.0008765379312122885,0.004070991724427819,0.003577050660326927,0.9998835321641868,0.002544529728925249,0.0013479208236665725,1.0,1.0,1.0,7.904868250534194e-07,0.0,70171
21,0.0008477040557217407,0.003994326479953403,0.003981154258347641,0.9998846953266185,0.0026120920775277306,0.0013316341708986892,1.0,1.0,1.0,0.0,0.0,70171
42,0.0008330375339409179,0.004130984202856958,0.004271975882867322,0.9998897065155653,0.002527336932636274,0.00132186005149058,1.0,1.0,1.0,1.599403873168753e-05,0.0,70171
77,0.0008884416292936628,0.004309744802176607,0.00361162753844646,0.9998649732247393,0.002611546428082657,0.001398693336483283,1.0,1.0,1.0,0.0,0.0,70171
123,0.0008388969652524078,0.003988324355220618,0.0037102416093552715,0.9998665670992599,0.002697064513964731,0.0013704394149001908,1.0,1.0,1.0,5.861452991479497e-06,0.0,70171
