,local_mean_abs_error,local_max_abs_error,mean_wasserstein_normalized,tstr_r2,mean_constraint_pressure,raw_local_mean_abs_error,raw_article_compliance_mean,raw_radiation_monotonicity_mean_rate,mean_raw_radiation_violation,mean_raw_thermal_violation
mean,0.0008569236230842036,0.004098874312927081,0.003830409989868724,0.9998778948660739,0.002598513936227328,0.001354109559487863,1.0,1.0,4.529195709644089e-06,0.0
std,2.4282770992308478e-05,0.00013174443967152398,0.0002933434092196052,1.1322848284677671e-05,6.716935427660365e-05,3.09751983784276e-05,0.0,0.0,6.859714036702546e-06,0.0
min,0.0008330375339409179,0.003988324355220618,0.003577050660326927,0.9998649732247393,0.002527336932636274,0.00132186005149058,1.0,1.0,0.0,0.0
max,0.0008884416292936628,0.004309744802176607,0.004271975882867322,0.9998897065155653,0.002697064513964731,0.001398693336483283,1.0,1.0,1.599403873168753e-05,0.0
