feature,real_mean,synthetic_mean,real_std,synthetic_std,wasserstein,wasserstein_normalized,ks_statistic,ks_pvalue
Радиация,4.0,4.006,2.8284271247461903,2.827713563994769,0.006000000000000005,0.0007500000000000007,0.002,1.0
Температура,43.0,42.998,0.816496580927726,0.8160857798050399,0.002000000000000113,0.0010000000000000564,0.0013333333333333333,1.0
Время,40.0,40.02,7.0710678118654755,7.063964892324989,0.019999999999999463,0.0013333333333332975,0.0013333333333333333,1.0
Выживаемость,0.09360266666666667,0.0945514487875388,0.14685087526542778,0.14903368046931628,0.008178301483505696,0.015430757516048483,0.07133333333333333,0.9999854715948205
