{
  "n_real": 15,
  "n_synthetic": 1000,
  "mean_wasserstein_normalized": 0.00462852271234546,
  "mean_ks_statistic": 0.019,
  "pearson_correlation_frobenius": 0.008705322836763032,
  "pearson_correlation_mean_abs_diff": 0.001370930109568816,
  "spearman_correlation_frobenius": 0.044011905559912454,
  "spearman_correlation_mean_abs_diff": 0.0067058828732444176,
  "separability_auc_mean": 0.43177777777777776,
  "separability_auc_std": 0.07897522662046046,
  "separability_auc_distance_from_0_5": 0.06822222222222224,
  "separability_gini_mean": -0.13644444444444442,
  "separability_gini_abs_mean": 0.1773333333333333,
  "tstr_mae": 0.0010610009567763776,
  "tstr_rmse": 0.002049907064489352,
  "tstr_r2": 0.9998051433348775,
  "trtr_mae_leave_one_out": 0.09565038621957675,
  "trtr_rmse_leave_one_out": 0.13181522245698715,
  "trtr_r2_leave_one_out": 0.1942912963915192,
  "tstr_to_trtr_mae_ratio": 0.011092490043278285,
  "real_to_synth_mean_nn_distance": 0.0014956148109300275,
  "synth_to_real_mean_nn_distance": 0.0617818102250261,
  "duplicate_rate_vs_real": 0.12,
  "support_violation_rate_mean": 0.0,
  "support_violation_rate_max": 0.0
}