{
  "n_real": 15,
  "n_synthetic": 1000,
  "mean_wasserstein_normalized": 0.07229507823832315,
  "mean_ks_statistic": 0.21750000000000003,
  "pearson_correlation_frobenius": 0.36383696601818694,
  "pearson_correlation_mean_abs_diff": 0.0555819034786281,
  "spearman_correlation_frobenius": 0.5036033588276665,
  "spearman_correlation_mean_abs_diff": 0.08555728569375697,
  "separability_auc_mean": 0.4395555555555556,
  "separability_auc_std": 0.12814266740581198,
  "tstr_mae": 0.015295939165794303,
  "tstr_rmse": 0.03233792388940382,
  "tstr_r2": 0.9515078778608999,
  "trtr_mae_leave_one_out": 0.09689128884523811,
  "trtr_rmse_leave_one_out": 0.13185250667657775,
  "trtr_r2_leave_one_out": 0.19383543904603417,
  "tstr_to_trtr_mae_ratio": 0.1578670213606726,
  "real_to_synth_mean_nn_distance": 0.14829100327022898,
  "synth_to_real_mean_nn_distance": 0.6685141260648491,
  "duplicate_rate_vs_real": 0.0,
  "support_violation_rate_mean": 0.1765,
  "support_violation_rate_max": 0.425
}