feature,real_mean,synthetic_mean,real_std,synthetic_std,wasserstein,wasserstein_normalized,ks_statistic,ks_pvalue
Радиация,4.0,3.966461409402632,2.8284271247461903,2.645432629098472,0.3526987422975652,0.04408734278719565,0.126,0.9497181514683618
Температура,43.0,43.037293535678344,0.816496580927726,0.7850593440161034,0.17346116129398903,0.07227548387249526,0.20433333333333334,0.5041522119366134
Время,40.0,39.154776444595015,7.0710678118654755,7.286755130168947,2.7530524820595135,0.11012209928238054,0.39666666666666667,0.013151074981152283
Выживаемость,0.09360266666666667,0.06163823543983972,0.14685087526542778,0.09727200360384032,0.033228555115947196,0.06269538701122113,0.143,0.8822915447958476
