,real_count,real_mean,real_std,real_min,real_25%,real_50%,real_75%,real_max,synthetic_count,synthetic_mean,synthetic_std,synthetic_min,synthetic_25%,synthetic_50%,synthetic_75%,synthetic_max
Радиация,15.0,4.0,2.9277002188455996,0.0,2.0,4.0,6.0,8.0,1000.0,3.966461409402632,2.6467563382776786,0.0,1.772938191510089,3.9466265406646475,6.253213928415423,8.0
Температура,15.0,43.0,0.8451542547285166,42.0,42.0,43.0,44.0,44.0,1000.0,43.037293535678344,0.7854521683309114,41.8,42.25533174514749,43.01458814536517,43.84221141089742,44.2
Время,15.0,40.0,7.319250547113999,30.0,30.0,45.0,45.0,45.0,1000.0,39.154776444595015,7.29040124254631,25.0,32.005898067329426,41.55330458233297,45.24439567612184,50.0
Выживаемость,15.0,0.09360266666666667,0.15200509706992757,0.0,0.00435,0.021,0.11549999999999999,0.53,1000.0,0.061638232320547104,0.09732067584991455,2.2233800791582325e-06,0.0019813530379906297,0.015127836726605892,0.0725147221237421,0.5178495645523071
