{
  "blocks_total": 67,
  "pass_count": 67,
  "reject_count": 0,
  "pass_rate": 1.0,
  "reject_rate": 0.0,
  "mean_delta_projection": 1.2698310594712843e-05,
  "mean_delta_cap": 0.0,
  "mean_delta_calibration": 0.0026036355310346615,
  "mean_total_adjustment_abs": 0.0026163338416293745,
  "mean_constraint_pressure": 0.0026163338416293745,
  "p95_constraint_pressure": 0.0029691029962537656,
  "mean_projection_active_rate": 0.007960199004975124,
  "mean_cap_active_rate": 0.0,
  "mean_calibration_active_rate": 0.8218905472636814,
  "mean_raw_radiation_violation": 1.5872888243391054e-05,
  "mean_raw_thermal_violation": 0.0,
  "mean_raw_highdose_violation": 0.0,
  "mean_residual_budget_utilization": 0.27332633222099234
}