{
  "n_real": 15,
  "n_synthetic": 1000,
  "mean_wasserstein_normalized": 0.003679909136732384,
  "mean_ks_statistic": 0.018,
  "pearson_correlation_frobenius": 0.006984610256672953,
  "pearson_correlation_mean_abs_diff": 0.0011658347436291432,
  "spearman_correlation_frobenius": 0.039332064265766215,
  "spearman_correlation_mean_abs_diff": 0.006040507320252422,
  "separability_auc_mean": 0.3515555555555555,
  "separability_auc_std": 0.10273206190479131,
  "separability_auc_distance_from_0_5": 0.1484444444444445,
  "separability_gini_mean": -0.29688888888888887,
  "separability_gini_abs_mean": 0.29688888888888887,
  "tstr_mae": 0.0007523882601646951,
  "tstr_rmse": 0.0014277910113757802,
  "tstr_r2": 0.9999054685741936,
  "trtr_mae_leave_one_out": 0.09672327131481483,
  "trtr_rmse_leave_one_out": 0.13259450082960306,
  "trtr_r2_leave_one_out": 0.18473659835462775,
  "tstr_to_trtr_mae_ratio": 0.007778771850218159,
  "real_to_synth_mean_nn_distance": 0.0009009386262398037,
  "synth_to_real_mean_nn_distance": 0.05015050886769815,
  "duplicate_rate_vs_real": 0.126,
  "support_violation_rate_mean": 0.0,
  "support_violation_rate_max": 0.0
}