{
  "n_real": 15,
  "n_synthetic": 1000,
  "mean_wasserstein_normalized": 0.005019607187344047,
  "mean_ks_statistic": 0.02025,
  "pearson_correlation_frobenius": 0.008159315736572937,
  "pearson_correlation_mean_abs_diff": 0.0015272631742115346,
  "spearman_correlation_frobenius": 0.05554998613968039,
  "spearman_correlation_mean_abs_diff": 0.008968469441488014,
  "separability_auc_mean": 0.37977777777777777,
  "separability_auc_std": 0.13415469235729877,
  "separability_auc_distance_from_0_5": 0.12022222222222223,
  "separability_gini_mean": -0.24044444444444446,
  "separability_gini_abs_mean": 0.28933333333333333,
  "tstr_mae": 0.0022401153679838105,
  "tstr_rmse": 0.004492126877252063,
  "tstr_r2": 0.9990642691465024,
  "trtr_mae_leave_one_out": 0.09689128884523814,
  "trtr_rmse_leave_one_out": 0.13185250667657772,
  "trtr_r2_leave_one_out": 0.1938354390460344,
  "tstr_to_trtr_mae_ratio": 0.023119884095688797,
  "real_to_synth_mean_nn_distance": 0.0008282360701901026,
  "synth_to_real_mean_nn_distance": 0.07321691656399601,
  "duplicate_rate_vs_real": 0.123,
  "support_violation_rate_mean": 0.0,
  "support_violation_rate_max": 0.0
}