{
  "n_real": 15,
  "n_synthetic": 1000,
  "mean_wasserstein_normalized": 0.003981154258347641,
  "mean_ks_statistic": 0.018916666666666665,
  "pearson_correlation_frobenius": 0.006701881904795694,
  "pearson_correlation_mean_abs_diff": 0.0010596393281023424,
  "spearman_correlation_frobenius": 0.04044222324332103,
  "spearman_correlation_mean_abs_diff": 0.006159698963256008,
  "separability_auc_mean": 0.4424444444444444,
  "separability_auc_std": 0.08021237243317283,
  "separability_auc_distance_from_0_5": 0.05755555555555558,
  "separability_gini_mean": -0.1151111111111111,
  "separability_gini_abs_mean": 0.16577777777777777,
  "tstr_mae": 0.0008306231922310408,
  "tstr_rmse": 0.0015768848995077217,
  "tstr_r2": 0.9998846953266185,
  "trtr_mae_leave_one_out": 0.09565038621957675,
  "trtr_rmse_leave_one_out": 0.13181522245698718,
  "trtr_r2_leave_one_out": 0.19429129639151888,
  "tstr_to_trtr_mae_ratio": 0.008683950217662972,
  "real_to_synth_mean_nn_distance": 0.002384201810506007,
  "synth_to_real_mean_nn_distance": 0.051165218876484515,
  "duplicate_rate_vs_real": 0.128,
  "support_violation_rate_mean": 0.0,
  "support_violation_rate_max": 0.0
}