{
  "n_real": 15,
  "n_synthetic": 1000,
  "mean_wasserstein_normalized": 0.0037943050613364346,
  "mean_ks_statistic": 0.019416666666666665,
  "pearson_correlation_frobenius": 0.006965561033891409,
  "pearson_correlation_mean_abs_diff": 0.0013705700509427025,
  "spearman_correlation_frobenius": 0.04055307663699913,
  "spearman_correlation_mean_abs_diff": 0.006610548462022381,
  "separability_auc_mean": 0.39133333333333326,
  "separability_auc_std": 0.10919435611517384,
  "separability_auc_distance_from_0_5": 0.10866666666666674,
  "separability_gini_mean": -0.21733333333333338,
  "separability_gini_abs_mean": 0.25022222222222223,
  "tstr_mae": 0.0006773669357369634,
  "tstr_rmse": 0.001258069149315133,
  "tstr_r2": 0.999926606779248,
  "trtr_mae_leave_one_out": 0.09689128884523811,
  "trtr_rmse_leave_one_out": 0.13185250667657775,
  "trtr_r2_leave_one_out": 0.19383543904603417,
  "tstr_to_trtr_mae_ratio": 0.0069909993334788196,
  "real_to_synth_mean_nn_distance": 0.0007673694380642248,
  "synth_to_real_mean_nn_distance": 0.046212265752701036,
  "duplicate_rate_vs_real": 0.135,
  "support_violation_rate_mean": 0.0,
  "support_violation_rate_max": 0.0
}