{
  "blocks_total": 67,
  "pass_count": 67,
  "reject_count": 0,
  "pass_rate": 1.0,
  "reject_rate": 0.0,
  "mean_delta_projection": 0.00046601476360909376,
  "mean_delta_cap": 0.0,
  "mean_delta_calibration": 0.006135148408877361,
  "mean_total_adjustment_abs": 0.006601163172486454,
  "mean_constraint_pressure": 0.006601163172486454,
  "p95_constraint_pressure": 0.008128461450218208,
  "mean_projection_active_rate": 0.14925373134328357,
  "mean_cap_active_rate": 0.0,
  "mean_calibration_active_rate": 0.9383084577114428
}