{
  "n_real": 15,
  "n_synthetic": 1000,
  "mean_wasserstein_normalized": 0.003322952161181599,
  "mean_ks_statistic": 0.0185,
  "pearson_correlation_frobenius": 0.004379985520070896,
  "pearson_correlation_mean_abs_diff": 0.0007431374088965191,
  "spearman_correlation_frobenius": 0.04178508973639464,
  "spearman_correlation_mean_abs_diff": 0.006373154337000407,
  "separability_auc_mean": 0.3244444444444444,
  "separability_auc_std": 0.06776138235213036,
  "separability_auc_distance_from_0_5": 0.17555555555555558,
  "separability_gini_mean": -0.3511111111111111,
  "separability_gini_abs_mean": 0.3511111111111111,
  "tstr_mae": 0.0006421993325875471,
  "tstr_rmse": 0.0013848514790885068,
  "tstr_r2": 0.9999110689705484,
  "trtr_mae_leave_one_out": 0.0955467686153199,
  "trtr_rmse_leave_one_out": 0.13088741247218466,
  "trtr_r2_leave_one_out": 0.20559368907379405,
  "tstr_to_trtr_mae_ratio": 0.006721308756898947,
  "real_to_synth_mean_nn_distance": 0.0019177748966516805,
  "synth_to_real_mean_nn_distance": 0.04613802632656478,
  "duplicate_rate_vs_real": 0.132,
  "support_violation_rate_mean": 0.0,
  "support_violation_rate_max": 0.0
}