{
  "blocks_total": 67,
  "pass_count": 67,
  "reject_count": 0,
  "pass_rate": 1.0,
  "reject_rate": 0.0,
  "mean_delta_projection": 0.00012198508675418682,
  "mean_delta_cap": 0.0,
  "mean_delta_calibration": 0.005632278950462751,
  "mean_total_adjustment_abs": 0.005754264037216938,
  "mean_constraint_pressure": 0.005754264037216938,
  "p95_constraint_pressure": 0.0077126480657691,
  "mean_projection_active_rate": 0.03582089552238806,
  "mean_cap_active_rate": 0.0,
  "mean_calibration_active_rate": 0.9791044776119404
}