{
  "n_real": 15,
  "n_synthetic": 1000,
  "mean_wasserstein_normalized": 0.003596296477232888,
  "mean_ks_statistic": 0.01925,
  "pearson_correlation_frobenius": 0.005542902797936824,
  "pearson_correlation_mean_abs_diff": 0.0009201455661648774,
  "spearman_correlation_frobenius": 0.037877648833095745,
  "spearman_correlation_mean_abs_diff": 0.005822615596428271,
  "separability_auc_mean": 0.3506666666666667,
  "separability_auc_std": 0.10429682238924554,
  "separability_auc_distance_from_0_5": 0.14933333333333332,
  "separability_gini_mean": -0.29866666666666664,
  "separability_gini_abs_mean": 0.29866666666666664,
  "tstr_mae": 0.0006949163197209532,
  "tstr_rmse": 0.001347234228851912,
  "tstr_r2": 0.99991583468796,
  "trtr_mae_leave_one_out": 0.09672327131481487,
  "trtr_rmse_leave_one_out": 0.13259450082960308,
  "trtr_r2_leave_one_out": 0.1847365983546274,
  "tstr_to_trtr_mae_ratio": 0.007184582471979673,
  "real_to_synth_mean_nn_distance": 0.0009134860101093138,
  "synth_to_real_mean_nn_distance": 0.04667604814129473,
  "duplicate_rate_vs_real": 0.139,
  "support_violation_rate_mean": 0.0,
  "support_violation_rate_max": 0.0
}