Метод,Overall_Score,MAE_Score,Wasserstein_Score,TSTR_Score,Pressure_Score,Max_Error_Score,Trust_Score
Diffusion,0.9769661402083788,1.0,1.0,1.0,0.8924844228186772,0.9474134871573845,1.0
VAE,0.8526994543065843,0.9021626733626212,0.8303777381677279,0.9469540257193254,0.8968674135196844,1.0,0.7058823529411761
Residual VAE,0.5971097470374079,0.7280416429953944,0.3927950835600742,0.8427265336161154,1.0,0.8927950812436132,0.11764705882353457
GAN,0.434300311105483,0.5077309498684703,0.4403881071899055,0.6015777395462876,0.7837163101639645,0.5726092539391026,0.0
Matrix,0.25,0.0,0.0,0.0,0.0,0.0,1.0
