Метод,Local_MAE,Local_Max_Error,Wasserstein_norm,TSTR_R2,Explainability_Pressure,Final_Compliance,Raw_Compliance
Matrix,0.0015975267632836,0.0091891311983197,0.0044932413529415,0.999497175593013,0.0347877355142357,1.0,1.0
Residual VAE,0.0010689246635543,0.0055178197578854,0.0045925795909909,0.999799184408896,0.0027346152243095,1.0,1.0
VAE,0.000689246286902,0.0035615231547113,0.0037943050613364,0.999926606779248,0.0041961682634279,1.0,1.0
Diffusion,0.0008367625504012,0.0045554935349187,0.0039628655031923,0.9998945847703508,0.0052541200935426,1.0,1.0
GAN,0.0010440454310455,0.0062146266428121,0.0044546107430828,0.9997882616801348,0.0082894424721998,1.0,0.9583333333333334
