Метод,Local_MAE_mean,Local_MAE_std,Local_MAE_min,Local_MAE_max,Wasserstein_mean,Wasserstein_std,TSTR_R2_mean,TSTR_R2_std,Pressure_mean,Pressure_std,Pressure_min,Pressure_max,Local_Max_Error_mean,Local_Max_Error_std
Matrix,0.0015739748006876,7.258746362550032e-05,0.0014961864471461,0.0016706490058167,0.0044745505483128,0.0001311911622992,0.9994941387995288,4.309213442479295e-05,0.0343504505015988,0.0018831034683595,0.03188905803873,0.0361473794167065,0.0100803871217326,0.0009609051620919
Residual VAE,0.0010043468226868,0.0001339268529812,0.0007766741512049,0.0011129775269783,0.0041488040557475,0.0004573563654854,0.9998262172591024,4.514857368371434e-05,0.0027165661244452,6.053586077045608e-05,0.0026163338416293,0.0027770677684153,0.0050783108178295,0.0006358684867687
VAE,0.0008681125682183,0.000197687255943,0.000689246286902,0.0011565571339816,0.003785915056084,0.000515428350502,0.9998672883582576,7.283743897305026e-05,0.0059790504406803,0.0018087379812104,0.0041961682634279,0.0090001510570667,0.0044776722222111,0.0009663377026983
Diffusion,0.0007915635423739,0.0001154532193272,0.0006961319121405,0.0009740727230701,0.0036452466537403,0.0002419648085346,0.9998881912546576,3.051993428838209e-05,0.0061177014617421,0.0005241915481222,0.0052541200935426,0.0066011631724864,0.0047722994612283,0.0005124605597202
GAN,0.0011767203893162,0.0002693025111568,0.000827124698155,0.0014957139785841,0.0041093349758968,0.0003306040334046,0.9997311919847478,8.922147485391058e-05,0.0095584593613825,0.0014771131857096,0.0079168034349787,0.0113910872723285,0.0068722207230841,0.001308378619077
