{
  "blocks_total": 67,
  "pass_count": 67,
  "reject_count": 0,
  "pass_rate": 1.0,
  "reject_rate": 0.0,
  "mean_delta_projection": 4.192643263345662e-05,
  "mean_delta_cap": 0.0,
  "mean_delta_calibration": 0.0026715057029305265,
  "mean_total_adjustment_abs": 0.002713432135563983,
  "mean_constraint_pressure": 0.002713432135563983,
  "p95_constraint_pressure": 0.0032415650471836733,
  "mean_projection_active_rate": 0.013930348258706468,
  "mean_cap_active_rate": 0.0,
  "mean_calibration_active_rate": 0.9512437810945272,
  "mean_raw_radiation_violation": 5.2408040791820785e-05,
  "mean_raw_thermal_violation": 0.0,
  "mean_raw_highdose_violation": 0.0,
  "mean_residual_budget_utilization": 0.29129241125024813
}