{
  "n_real": 15,
  "n_synthetic": 1000,
  "mean_wasserstein_normalized": 0.003713610250914058,
  "mean_ks_statistic": 0.017916666666666668,
  "pearson_correlation_frobenius": 0.008172244267676996,
  "pearson_correlation_mean_abs_diff": 0.0013169498962310275,
  "spearman_correlation_frobenius": 0.037766793875465235,
  "spearman_correlation_mean_abs_diff": 0.0058479251522214675,
  "separability_auc_mean": 0.4017777777777778,
  "separability_auc_std": 0.09741244882039043,
  "separability_auc_distance_from_0_5": 0.09822222222222221,
  "separability_gini_mean": -0.19644444444444442,
  "separability_gini_abs_mean": 0.24,
  "tstr_mae": 0.001000909473719909,
  "tstr_rmse": 0.001964933231470565,
  "tstr_r2": 0.9998209631136026,
  "trtr_mae_leave_one_out": 0.09813122039754692,
  "trtr_rmse_leave_one_out": 0.13376831013162407,
  "trtr_r2_leave_one_out": 0.17023826578760026,
  "tstr_to_trtr_mae_ratio": 0.010199704738869523,
  "real_to_synth_mean_nn_distance": 0.0024655611945965995,
  "synth_to_real_mean_nn_distance": 0.05622406765923497,
  "duplicate_rate_vs_real": 0.134,
  "support_violation_rate_mean": 0.0,
  "support_violation_rate_max": 0.0
}