{
  "n_real": 15,
  "n_synthetic": 1000,
  "mean_wasserstein_normalized": 0.00425897062971491,
  "mean_ks_statistic": 0.019,
  "pearson_correlation_frobenius": 0.011893661857522995,
  "pearson_correlation_mean_abs_diff": 0.0018126430144008517,
  "spearman_correlation_frobenius": 0.048131663670611544,
  "spearman_correlation_mean_abs_diff": 0.007326000120546005,
  "separability_auc_mean": 0.3271111111111111,
  "separability_auc_std": 0.07886728968790578,
  "separability_auc_distance_from_0_5": 0.17288888888888893,
  "separability_gini_mean": -0.3457777777777778,
  "separability_gini_abs_mean": 0.3457777777777778,
  "tstr_mae": 0.0014591763161022752,
  "tstr_rmse": 0.0027927944569791073,
  "tstr_r2": 0.9996383196877642,
  "trtr_mae_leave_one_out": 0.09554676861531991,
  "trtr_rmse_leave_one_out": 0.1308874124721847,
  "trtr_r2_leave_one_out": 0.20559368907379372,
  "tstr_to_trtr_mae_ratio": 0.015271854163661499,
  "real_to_synth_mean_nn_distance": 0.0011117856858140448,
  "synth_to_real_mean_nn_distance": 0.06678743762795898,
  "duplicate_rate_vs_real": 0.143,
  "support_violation_rate_mean": 0.0,
  "support_violation_rate_max": 0.0
}