{
  "blocks_total": 67,
  "pass_count": 67,
  "reject_count": 0,
  "pass_rate": 1.0,
  "reject_rate": 0.0,
  "mean_delta_projection": 6.323894600427354e-07,
  "mean_delta_cap": 0.0,
  "mean_delta_calibration": 0.002543897339465206,
  "mean_total_adjustment_abs": 0.002544529728925249,
  "mean_constraint_pressure": 0.002544529728925249,
  "p95_constraint_pressure": 0.003014555329419764,
  "mean_projection_active_rate": 0.001990049751243781,
  "mean_cap_active_rate": 0.0,
  "mean_calibration_active_rate": 0.8895522388059702,
  "mean_raw_radiation_violation": 7.904868250534194e-07,
  "mean_raw_thermal_violation": 0.0,
  "mean_raw_highdose_violation": 0.0,
  "mean_residual_budget_utilization": 0.2834291258172933
}