{
  "n_real": 15,
  "n_synthetic": 1000,
  "mean_wasserstein_normalized": 0.003577050660326927,
  "mean_ks_statistic": 0.01825,
  "pearson_correlation_frobenius": 0.006276442463679726,
  "pearson_correlation_mean_abs_diff": 0.0009905586633201448,
  "spearman_correlation_frobenius": 0.040912080138554636,
  "spearman_correlation_mean_abs_diff": 0.006211047534838478,
  "separability_auc_mean": 0.3188888888888889,
  "separability_auc_std": 0.07396529049176286,
  "separability_auc_distance_from_0_5": 0.1811111111111111,
  "separability_gini_mean": -0.36222222222222217,
  "separability_gini_abs_mean": 0.36222222222222217,
  "tstr_mae": 0.0008459747692813062,
  "tstr_rmse": 0.0015848185363003743,
  "tstr_r2": 0.9998835321641868,
  "trtr_mae_leave_one_out": 0.0955467686153199,
  "trtr_rmse_leave_one_out": 0.13088741247218466,
  "trtr_r2_leave_one_out": 0.20559368907379383,
  "tstr_to_trtr_mae_ratio": 0.008854038514764205,
  "real_to_synth_mean_nn_distance": 0.000806445098960377,
  "synth_to_real_mean_nn_distance": 0.05196969533413879,
  "duplicate_rate_vs_real": 0.131,
  "support_violation_rate_mean": 0.0,
  "support_violation_rate_max": 0.0
}